frame,time_s,track_id,class,x,y,map_x,map_y,confidence
0,0,1,3,658.1,441,37.5383,396.119,0.689091
0,0,2,3,355.5,371,46.9138,158.391,0.5
0,0,3,4,354,362,60.598,149.706,0.835714
0,0,4,3,289.894,338.255,77.8741,83.6349,0.685532
0,0,5,2,455,291.5,220.756,157.91,0.707143
0,0,6,4,705.763,256.237,387.965,318.516,0.832918
0,0,7,3,548.583,231.354,387.843,172.349,0.838224
0,0,8,4,511.5,188.5,484.543,93.8536,0.665234
0,0,9,3,852,166.5,691.413,372.7,0.766187
0,0,10,4,550,130,682.581,52.7,0.705172
1,0.040334,2,3,355.5,371.5,46.1358,158.812,0.5
1,0.040334,4,3,290.24,338.175,78.1254,83.7991,0.67193
1,0.040334,5,2,455,291.5,220.756,157.91,0.717857
1,0.040334,6,4,706,256,388.605,318.525,0.829863
1,0.040334,7,3,548.9,231.9,386.637,173.152,0.836759
1,0.040334,8,4,512,188.5,484.749,94.2913,0.663636
1,0.040334,9,3,852,166.5,691.413,372.7,0.769065
1,0.040334,11,3,842,143.5,764.245,345.336,0.9
1,0.040334,10,4,550,130,682.581,52.7,0.701724
1,0.040334,12,3,462.6,335.4,141.407,201.919,0.894444
2,0.0806679,1,3,658.036,440.946,37.5945,396.054,0.7
2,0.0806679,2,3,355.5,371.5,46.1358,158.812,0.5
2,0.0806679,4,3,290.24,338.175,78.1254,83.7991,0.67193
2,0.0806679,5,2,455,291.5,220.756,157.91,0.717857
2,0.0806679,6,4,706,256,388.605,318.525,0.829863
2,0.0806679,7,3,548.9,231.9,386.637,173.152,0.836759
2,0.0806679,8,4,512,188.5,484.749,94.2913,0.663636
2,0.0806679,9,3,852,166.5,691.413,372.7,0.769065
2,0.0806679,11,3,842,143.5,764.245,345.336,0.9
2,0.0806679,10,4,550,130,682.581,52.7,0.701724
3,0.121002,2,3,355.5,371.5,46.1358,158.812,0.5
3,0.121002,4,3,290.24,338.175,78.1254,83.7991,0.67193
3,0.121002,5,2,455,291.5,220.756,157.91,0.717857
3,0.121002,6,4,706,256,388.605,318.525,0.829863
3,0.121002,7,3,548.9,231.9,386.637,173.152,0.836759
3,0.121002,8,4,512,188.5,484.749,94.2913,0.663636
3,0.121002,9,3,852,166.5,691.413,372.7,0.769065
3,0.121002,11,3,842,143.5,764.245,345.336,0.9
3,0.121002,10,4,550,130,682.581,52.7,0.701724
4,0.161336,2,3,355.5,371.5,46.1358,158.812,0.5
4,0.161336,4,3,290.24,338.175,78.1254,83.7991,0.673684
4,0.161336,5,2,455,291.5,220.756,157.91,0.717857
4,0.161336,6,4,706,256,388.605,318.525,0.829863
4,0.161336,7,3,548.9,231.9,386.637,173.152,0.836759
4,0.161336,8,4,512,188.5,484.749,94.2913,0.663636
4,0.161336,9,3,852,166.5,691.413,372.7,0.769065
4,0.161336,11,3,842,143.5,764.245,345.336,0.9
4,0.161336,10,4,550,130,682.581,52.7,0.701724
5,0.20167,2,3,355.5,371.5,46.1358,158.812,0.5
5,0.20167,4,3,290.24,338.175,78.1254,83.7991,0.673684
5,0.20167,5,2,455,291.5,220.756,157.91,0.717857
5,0.20167,6,4,706,256,388.605,318.525,0.829863
5,0.20167,7,3,548.9,231.9,386.637,173.152,0.836759
5,0.20167,8,4,512,188.5,484.749,94.2913,0.663636
5,0.20167,9,3,852,166.5,691.413,372.7,0.769065
5,0.20167,11,3,842,143.5,764.245,345.336,0.9
5,0.20167,10,4,550,130,682.581,52.7,0.694828
6,0.242004,2,3,355.5,371.5,46.1358,158.812,0.5
6,0.242004,4,3,290.24,338.175,78.1254,83.7991,0.673684
6,0.242004,5,2,455,291.5,220.756,157.91,0.717857
6,0.242004,6,4,706,256,388.605,318.525,0.829863
6,0.242004,7,3,548.9,231.9,386.637,173.152,0.836759
6,0.242004,8,4,512,188.5,484.749,94.2913,0.663636
6,0.242004,9,3,852,166.5,691.413,372.7,0.769065
6,0.242004,11,3,842,143.5,764.245,345.336,0.9
6,0.242004,10,4,550,130,682.581,52.7,0.694828
7,0.282338,2,3,355.5,371.5,46.1358,158.812,0.5
7,0.282338,4,3,290.24,338.175,78.1254,83.7991,0.673684
7,0.282338,5,2,455,291.5,220.756,157.91,0.717857
7,0.282338,6,4,706,256,388.605,318.525,0.826451
7,0.282338,7,3,548.9,231.9,386.637,173.152,0.836759
7,0.282338,8,4,512,188.5,484.749,94.2913,0.663636
7,0.282338,9,3,852,166.5,691.413,372.7,0.769065
7,0.282338,11,3,842,143.5,764.245,345.336,0.9
7,0.282338,10,4,550,130,682.581,52.7,0.694828
7,0.282338,12,3,462.6,335.4,141.407,201.919,0.894444
8,0.322672,2,3,355.855,371.468,46.3017,159.021,0.5
8,0.322672,4,3,290.24,338.175,78.1254,83.7991,0.673684
8,0.322672,5,2,455,291.5,220.756,157.91,0.717857
8,0.322672,6,1,682.75,248.917,396.623,295.035,0.844595
8,0.322672,7,3,548.9,231.9,386.637,173.152,0.836759
8,0.322672,8,4,512,188.5,484.749,94.2913,0.663636
8,0.322672,9,3,852,166.5,691.413,372.7,0.769065
8,0.322672,11,3,842,143.5,764.245,345.336,0.9
8,0.322672,10,4,550,130,682.581,52.7,0.694828
8,0.322672,12,3,462.6,335.4,141.407,201.919,0.894444
9,0.363006,2,3,355.855,371.468,46.3017,159.021,0.5
9,0.363006,4,3,290.24,338.175,78.1254,83.7991,0.673684
9,0.363006,5,2,455,291.5,220.756,157.91,0.717857
9,0.363006,6,1,652.833,245.5,393.522,268.755,0.942029
9,0.363006,7,3,548.9,231.9,386.637,173.152,0.836759
9,0.363006,8,4,512,188.5,484.749,94.2913,0.663636
9,0.363006,9,3,852,166.5,691.413,372.7,0.769065
9,0.363006,11,3,842,143.5,764.245,345.336,0.9
9,0.363006,10,4,550,130,682.581,52.7,0.694828
9,0.363006,12,3,462.6,335.4,141.407,201.919,0.894444
10,0.40334,2,3,355.855,371.468,46.3017,159.021,0.5
10,0.40334,4,3,290.24,338.175,78.1254,83.7991,0.673684
10,0.40334,5,2,455,291.5,220.756,157.91,0.717857
10,0.40334,6,1,626.862,239.516,398.05,243.044,0.860215
10,0.40334,7,3,548.9,231.9,386.637,173.152,0.836759
10,0.40334,8,4,512,188.5,484.749,94.2913,0.663636
10,0.40334,9,3,852,166.5,691.413,372.7,0.769065
10,0.40334,11,3,842,143.5,764.245,345.336,0.9
10,0.40334,10,4,550,130,682.581,52.7,0.694828
10,0.40334,12,3,462.6,335.4,141.407,201.919,0.894444
11,0.443674,2,3,355.5,371.5,46.1358,158.812,0.5
11,0.443674,3,3,345,373,40.3913,153.068,0.742336
11,0.443674,4,3,290.24,338.175,78.1254,83.7991,0.673684
11,0.443674,5,2,455,291.5,220.756,157.91,0.717857
11,0.443674,6,1,600.5,236.5,395.294,219.23,0.90942
11,0.443674,7,3,548.9,231.9,386.637,173.152,0.836759
11,0.443674,8,4,512,188.5,484.749,94.2913,0.663636
11,0.443674,9,3,852.5,166.5,691.621,373.145,0.769333
11,0.443674,11,3,842,143.5,764.245,345.336,0.9
11,0.443674,10,4,550,129.5,684.313,51.9891,0.688554
11,0.443674,12,3,462.6,335.4,141.407,201.919,0.894444
12,0.484008,1,3,658.289,440.921,37.7056,396.195,0.725455
12,0.484008,4,3,290.253,337.949,78.5088,83.585,0.676623
12,0.484008,5,2,455.5,291.5,220.935,158.282,0.703333
12,0.484008,6,1,575.5,233,394.21,195.787,0.86039
12,0.484008,7,3,548.5,231.5,387.455,172.427,0.842188
12,0.484008,8,4,511.5,188.5,484.543,93.8536,0.671094
12,0.484008,9,3,852,166.5,691.413,372.7,0.763309
12,0.484008,10,4,547.45,129.706,682.45,49.8004,0.660599
12,0.484008,12,3,462.6,335.4,141.407,201.919,0.894444
13,0.524342,1,3,658.289,440.921,37.7056,396.195,0.725455
13,0.524342,4,3,290.253,337.949,78.5088,83.585,0.676623
13,0.524342,5,2,455.5,291.5,220.935,158.282,0.703333
13,0.524342,6,1,561.766,234.119,386.21,185.766,0.94898
13,0.524342,7,3,538.5,227.5,393.367,160.217,0.810667
13,0.524342,8,4,511.5,188.5,484.543,93.8536,0.671094
13,0.524342,9,3,852,166.5,691.413,372.7,0.763309
13,0.524342,10,4,548.343,129.429,683.815,50.2737,0.664634
13,0.524342,12,3,462.6,335.4,141.407,201.919,0.894444
14,0.564676,1,3,658.289,440.921,37.7056,396.195,0.725455
14,0.564676,4,3,290.253,337.949,78.5088,83.585,0.676623
14,0.564676,5,2,455.5,291.5,220.935,158.282,0.703333
14,0.564676,6,1,557.731,236.731,378.369,185.056,0.79646
14,0.564676,7,3,520.789,224.778,393.177,142.845,0.818819
14,0.564676,8,4,511.5,188.5,484.543,93.8536,0.671094
14,0.564676,9,3,852,166.5,691.413,372.7,0.763309
14,0.564676,10,4,548.343,129.429,683.815,50.2737,0.664634
14,0.564676,12,3,462.6,335.4,141.407,201.919,0.894444
15,0.605009,1,3,658.289,440.921,37.7056,396.195,0.725455
15,0.605009,4,3,290.253,337.949,78.5088,83.585,0.676623
15,0.605009,5,2,455.5,291.5,220.935,158.282,0.703333
15,0.605009,6,1,553.5,236.5,377.301,181.424,0.942308
15,0.605009,7,3,503.5,220.667,396.611,124.127,0.854887
15,0.605009,8,4,512,188.5,484.749,94.2913,0.667769
15,0.605009,9,3,852,166.5,691.413,372.7,0.763309
15,0.605009,10,4,548.343,129.429,683.815,50.2737,0.664634
15,0.605009,12,3,462.6,335.4,141.407,201.919,0.894444
16,0.645343,1,3,658.289,440.921,37.7056,396.195,0.725455
16,0.645343,4,3,290.253,337.949,78.5088,83.585,0.676623
16,0.645343,5,2,455.5,291.5,220.935,158.282,0.703333
16,0.645343,6,1,548.452,238.725,370.055,179.542,0.803279
16,0.645343,7,3,487.431,217.569,398.027,107.307,0.86875
16,0.645343,8,4,512,188.5,484.749,94.2913,0.667769
16,0.645343,9,3,852,166.5,691.413,372.7,0.763309
16,0.645343,10,4,548.343,129.429,683.815,50.2737,0.664634
16,0.645343,12,3,462.6,335.4,141.407,201.919,0.894444
17,0.685677,1,3,658.289,440.921,37.7056,396.195,0.725455
17,0.685677,4,3,290.253,337.949,78.5088,83.585,0.676623
17,0.685677,5,2,455.5,291.5,220.935,158.282,0.703333
17,0.685677,6,1,543.095,239.311,366.616,175.818,0.833333
17,0.685677,7,3,472.927,213.443,402.685,90.4154,0.842857
17,0.685677,8,4,512,188.5,484.749,94.2913,0.667769
17,0.685677,9,3,852,166.5,691.413,372.7,0.763309
17,0.685677,10,4,548.343,129.429,683.815,50.2737,0.664634
17,0.685677,12,3,462.6,335.4,141.407,201.919,0.894444
18,0.726011,1,3,658.289,440.921,37.7056,396.195,0.725455
18,0.726011,4,3,290.253,337.949,78.5088,83.585,0.676623
18,0.726011,5,2,455.5,291.5,220.935,158.282,0.703333
18,0.726011,6,1,538,239.5,364.221,171.916,0.818182
18,0.726011,7,3,458.393,211.397,402.087,75.75,0.848515
18,0.726011,8,4,512,188.5,484.749,94.2913,0.667769
18,0.726011,9,3,852,166.5,691.413,372.7,0.763309
18,0.726011,10,4,548.343,129.429,683.815,50.2737,0.664634
18,0.726011,12,3,462.6,335.4,141.407,201.919,0.894444
19,0.766345,1,3,658.289,440.921,37.7056,396.195,0.725455
19,0.766345,4,3,290.253,337.949,78.5088,83.585,0.676623
19,0.766345,5,2,455.5,291.5,220.935,158.282,0.703333
19,0.766345,6,1,532.789,240.263,360.427,168.495,0.830275
19,0.766345,7,3,446.324,207.324,407.67,60.5758,0.822433
19,0.766345,8,4,512,188.5,484.749,94.2913,0.667769
19,0.766345,9,3,852,166.5,691.413,372.7,0.763309
19,0.766345,10,4,548.343,129.429,683.815,50.2737,0.664634
19,0.766345,12,3,462.6,335.4,141.407,201.919,0.894444
20,0.806679,1,3,658.289,440.921,37.7056,396.195,0.725455
20,0.806679,5,2,455.5,291.5,220.935,158.282,0.703333
20,0.806679,6,1,527.5,241.289,355.993,165.28,0.77459
20,0.806679,7,3,432.944,204.111,410.568,45.1501,0.838356
20,0.806679,8,4,512,188.5,484.749,94.2913,0.667769
20,0.806679,9,3,852,166.5,691.413,372.7,0.763309
20,0.806679,10,4,548.343,129.429,683.815,50.2737,0.664634
20,0.806679,4,3,287.4,340.2,73.7847,83.7974,0.686667
20,0.806679,12,3,462.6,335.4,141.407,201.919,0.894444
21,0.847013,1,3,658.289,440.921,37.7056,396.195,0.725455
21,0.847013,5,2,455.5,291.5,220.935,158.282,0.703333
21,0.847013,6,1,522,241.5,353.402,161.087,0.793388
21,0.847013,8,4,512,188.5,484.749,94.2913,0.667769
21,0.847013,9,3,852,166.5,691.413,372.7,0.763309
21,0.847013,10,4,548.343,129.429,683.815,50.2737,0.664634
21,0.847013,4,3,287.4,340.2,73.7847,83.7974,0.686667
21,0.847013,12,3,462.6,335.4,141.407,201.919,0.894444
22,0.887347,1,3,658.289,440.921,37.7056,396.195,0.725455
22,0.887347,5,2,455.5,291.5,220.935,158.282,0.703333
22,0.887347,6,1,517.5,242.5,349.347,158.493,0.758621
22,0.887347,8,4,512,188.5,484.749,94.2913,0.667769
22,0.887347,9,3,852,166.5,691.413,372.7,0.763309
22,0.887347,10,4,548.343,129.429,683.815,50.2737,0.664634
22,0.887347,4,3,287.4,340.2,73.7847,83.7974,0.686667
22,0.887347,12,3,462.6,335.4,141.407,201.919,0.894444
23,0.927681,1,3,658.289,440.921,37.7056,396.195,0.725455
23,0.927681,5,2,455.5,291.5,220.935,158.282,0.703333
23,0.927681,6,1,511.896,243.456,344.986,154.979,0.745833
23,0.927681,8,4,512,188.5,484.749,94.2913,0.667769
23,0.927681,9,3,852,166.5,691.413,372.7,0.763309
23,0.927681,10,4,548.343,129.429,683.815,50.2737,0.664634
23,0.927681,4,3,287.4,340.2,73.7847,83.7974,0.686667
23,0.927681,12,3,462.6,335.4,141.407,201.919,0.894444
24,0.968015,1,3,658.289,440.921,37.7056,396.195,0.725455
24,0.968015,2,3,354,361.5,61.3953,149.274,0.536364
24,0.968015,4,3,290.253,337.949,78.5088,83.585,0.680087
24,0.968015,5,2,455,291.5,220.756,157.91,0.710714
24,0.968015,6,1,507.2,242.2,346.12,149.949,0.934673
24,0.968015,7,2,410,205.5,397.709,27.2832,0.78481
24,0.968015,8,3,511.621,189.161,482.756,94.7588,0.741667
24,0.968015,9,3,852,166.5,691.413,372.7,0.763309
24,0.968015,10,4,548.343,129.429,683.815,50.2737,0.657317
24,0.968015,12,3,462.6,335.4,141.407,201.919,0.894444
25,1.00835,1,3,658.289,440.921,37.7056,396.195,0.725455
25,1.00835,2,3,354,361.5,61.3953,149.274,0.536364
25,1.00835,4,3,290.253,337.949,78.5088,83.585,0.680087
25,1.00835,5,2,455,291.5,220.756,157.91,0.710714
25,1.00835,6,1,502,244,339.957,147.631,0.813278
25,1.00835,7,2,410,205.5,397.709,27.2832,0.78481
25,1.00835,8,3,511.621,189.161,482.756,94.7588,0.741667
25,1.00835,9,3,852,166.5,691.413,372.7,0.763309
25,1.00835,10,4,548.343,129.429,683.815,50.2737,0.657317
25,1.00835,12,3,462.6,335.4,141.407,201.919,0.894444
26,1.04868,1,3,658.289,440.921,37.7056,396.195,0.725455
26,1.04868,2,3,354,361.5,61.3953,149.274,0.536364
26,1.04868,4,3,290.253,337.949,78.5088,83.585,0.680087
26,1.04868,5,2,455,291.5,220.756,157.91,0.710714
26,1.04868,13,4,748.5,256,404.309,351.383,0.733333
26,1.04868,6,1,497,244.556,336.771,144.21,0.816964
26,1.04868,7,2,410,205.5,397.709,27.2832,0.78481
26,1.04868,8,3,511.621,189.161,482.756,94.7588,0.741667
26,1.04868,9,3,852,166.5,691.413,372.7,0.763309
26,1.04868,10,4,548.343,129.429,683.815,50.2737,0.657317
26,1.04868,12,3,462.6,335.4,141.407,201.919,0.894444
27,1.08902,1,3,658.289,440.921,37.7056,396.195,0.725455
27,1.08902,2,3,354,361.5,61.3953,149.274,0.536364
27,1.08902,4,3,290.253,337.949,78.5088,83.585,0.680087
27,1.08902,5,2,455,291.5,220.756,157.91,0.710714
27,1.08902,13,4,748.5,256,404.309,351.383,0.733333
27,1.08902,6,1,492.409,245.227,333.477,141.239,0.81982
27,1.08902,7,2,410,205.5,397.709,27.2832,0.78481
27,1.08902,8,3,511.621,189.161,482.756,94.7588,0.741667
27,1.08902,9,3,852,166.5,691.413,372.7,0.763309
27,1.08902,10,4,548.343,129.429,683.815,50.2737,0.657317
27,1.08902,12,3,462.6,335.4,141.407,201.919,0.894444
28,1.12935,1,3,658.289,440.921,37.7056,396.195,0.725455
28,1.12935,2,3,354,361.5,61.3953,149.274,0.536364
28,1.12935,4,3,290.253,337.949,78.5088,83.585,0.680087
28,1.12935,5,2,455,291.5,220.756,157.91,0.710714
28,1.12935,13,4,748.5,256,404.309,351.383,0.733333
28,1.12935,6,1,486.01,245.688,329.986,136.615,0.82684
28,1.12935,7,2,410,205.5,397.709,27.2832,0.78481
28,1.12935,8,3,511.621,189.161,482.756,94.7588,0.741667
28,1.12935,9,3,852,166.5,691.413,372.7,0.763309
28,1.12935,10,4,548.343,129.429,683.815,50.2737,0.657317
28,1.12935,12,3,462.6,335.4,141.407,201.919,0.894444
29,1.16968,1,3,658.289,440.921,37.7056,396.195,0.725455
29,1.16968,2,3,354,361.5,61.3953,149.274,0.536364
29,1.16968,4,3,290.253,337.949,78.5088,83.585,0.680087
29,1.16968,5,2,455,291.5,220.756,157.91,0.710714
29,1.16968,13,4,748.5,256,404.309,351.383,0.733333
29,1.16968,6,1,482,246,327.746,133.744,0.838174
29,1.16968,7,2,410,205.5,397.709,27.2832,0.78481
29,1.16968,8,3,511.621,189.161,482.756,94.7588,0.741667
29,1.16968,9,3,852,166.5,691.413,372.7,0.763309
29,1.16968,10,4,548.343,129.429,683.815,50.2737,0.657317
29,1.16968,12,3,462.6,335.4,141.407,201.919,0.894444
30,1.21002,1,3,658.289,440.921,37.7056,396.195,0.725455
30,1.21002,2,3,354,361.5,61.3953,149.274,0.536364
30,1.21002,4,3,290.253,337.949,78.5088,83.585,0.680087
30,1.21002,5,2,455,291.5,220.756,157.91,0.710714
30,1.21002,6,1,477.242,246.663,324.422,130.646,0.836364
30,1.21002,7,2,410,205.5,397.709,27.2832,0.78481
30,1.21002,8,3,511.621,189.161,482.756,94.7588,0.741667
30,1.21002,9,3,852,166.5,691.413,372.7,0.763309
30,1.21002,10,4,548.343,129.429,683.815,50.2737,0.657317
30,1.21002,12,3,462.6,335.4,141.407,201.919,0.894444
31,1.25035,1,3,658.289,440.921,37.7056,396.195,0.725455
31,1.25035,2,3,354,361.5,61.3953,149.274,0.536364
31,1.25035,4,3,290.253,337.949,78.5088,83.585,0.680087
31,1.25035,5,2,455,291.5,220.756,157.91,0.710714
31,1.25035,6,1,471.179,247.821,319.483,127.035,0.776892
31,1.25035,7,2,410,205.5,397.709,27.2832,0.78481
31,1.25035,8,3,511.621,189.161,482.756,94.7588,0.741667
31,1.25035,9,3,852,166.5,691.413,372.7,0.763309
31,1.25035,10,4,548.343,129.429,683.815,50.2737,0.657317
31,1.25035,12,3,462.6,335.4,141.407,201.919,0.894444
32,1.29069,1,3,658.289,440.921,37.7056,396.195,0.725455
32,1.29069,2,3,354,361.5,61.3953,149.274,0.536364
32,1.29069,4,3,290.253,337.949,78.5088,83.585,0.678355
32,1.29069,5,2,455,291.5,220.756,157.91,0.710714
32,1.29069,6,1,466.293,248.707,315.623,124.084,0.745968
32,1.29069,7,2,410,205.5,397.709,27.2832,0.78481
32,1.29069,8,3,511.621,189.161,482.756,94.7588,0.741667
32,1.29069,9,3,852,166.5,691.413,372.7,0.763309
32,1.29069,10,4,548.343,129.429,683.815,50.2737,0.657317
32,1.29069,12,3,462.6,335.4,141.407,201.919,0.894444
33,1.33102,1,3,658.289,440.921,37.7056,396.195,0.725455
33,1.33102,2,3,354,361.5,61.3953,149.274,0.536364
33,1.33102,4,3,290.253,337.949,78.5088,83.585,0.678355
33,1.33102,5,2,455,291.5,220.756,157.91,0.710714
33,1.33102,6,1,462,249,313.334,120.984,0.766284
33,1.33102,7,2,410,205.5,397.709,27.2832,0.78481
33,1.33102,8,3,511.621,189.161,482.756,94.7588,0.741667
33,1.33102,9,3,852,166.5,691.413,372.7,0.763309
33,1.33102,10,4,548.343,129.429,683.815,50.2737,0.657317
33,1.33102,12,3,462.6,335.4,141.407,201.919,0.894444
34,1.37135,1,3,658.289,440.921,37.7056,396.195,0.725455
34,1.37135,2,3,354,361.5,61.3953,149.274,0.536364
34,1.37135,4,3,290.253,337.949,78.5088,83.585,0.678355
34,1.37135,5,2,455,291.5,220.756,157.91,0.710714
34,1.37135,6,1,456.722,249.481,310.249,117.305,0.744361
34,1.37135,7,2,410,205.5,397.709,27.2832,0.78481
34,1.37135,8,3,511.621,189.161,482.756,94.7588,0.741667
34,1.37135,9,3,852,166.5,691.413,372.7,0.763309
34,1.37135,10,4,548.343,129.429,683.815,50.2737,0.657317
34,1.37135,12,3,462.6,335.4,141.407,201.919,0.894444
35,1.41169,2,3,354,361.5,61.3953,149.274,0.536364
35,1.41169,4,3,290.253,337.949,78.5088,83.585,0.678355
35,1.41169,5,2,455,291.5,220.756,157.91,0.710714
35,1.41169,6,1,451.328,249.672,307.776,113.228,0.737643
35,1.41169,7,2,410,205.5,397.709,27.2832,0.78481
35,1.41169,8,3,511.621,189.161,482.756,94.7588,0.741667
35,1.41169,9,3,852,166.5,691.413,372.7,0.763309
35,1.41169,10,4,548.343,129.429,683.815,50.2737,0.657317
35,1.41169,12,3,462.6,335.4,141.407,201.919,0.894444
36,1.45202,1,3,658.289,440.921,37.7056,396.195,0.754545
36,1.45202,2,3,354,361.5,61.3953,149.274,0.536364
36,1.45202,4,3,290.253,337.949,78.5088,83.585,0.676623
36,1.45202,5,2,455,291.5,220.756,157.91,0.707143
36,1.45202,6,1,446.398,249.751,305.731,109.4,0.716783
36,1.45202,7,2,410,205.5,397.709,27.2832,0.78481
36,1.45202,8,3,511.621,189.161,482.756,94.7588,0.741667
36,1.45202,9,3,852,166.5,691.413,372.7,0.763309
36,1.45202,10,4,549.167,129.167,685.094,50.7025,0.678342
36,1.45202,12,3,462.6,335.4,141.407,201.919,0.894444
37,1.49236,1,3,658.289,440.921,37.7056,396.195,0.754545
37,1.49236,2,3,354,361.5,61.3953,149.274,0.536364
37,1.49236,4,3,290.253,337.949,78.5088,83.585,0.676623
37,1.49236,5,2,455,291.5,220.756,157.91,0.707143
37,1.49236,6,4,442.722,251.481,300.468,108.343,0.899624
37,1.49236,7,2,410,205.5,397.709,27.2832,0.78481
37,1.49236,8,3,511.621,189.161,482.756,94.7588,0.741667
37,1.49236,9,3,852,166.5,691.413,372.7,0.763309
37,1.49236,10,4,549.167,129.167,685.094,50.7025,0.678342
37,1.49236,12,3,462.6,335.4,141.407,201.919,0.894444
38,1.53269,1,3,658.289,440.921,37.7056,396.195,0.754545
38,1.53269,2,3,354,361.5,61.3953,149.274,0.536364
38,1.53269,4,3,290.253,337.949,78.5088,83.585,0.676623
38,1.53269,5,2,455,291.5,220.756,157.91,0.707143
38,1.53269,6,4,437.371,251.629,298.116,104.265,0.890426
38,1.53269,7,2,410,205.5,397.709,27.2832,0.78481
38,1.53269,8,3,511.621,189.161,482.756,94.7588,0.741667
38,1.53269,9,3,852,166.5,691.413,372.7,0.763309
38,1.53269,10,4,549.167,129.167,685.094,50.7025,0.678342
38,1.53269,12,3,462.6,335.4,141.407,201.919,0.894444
39,1.57302,1,3,658.289,440.921,37.7056,396.195,0.754545
39,1.57302,2,3,354,361.5,61.3953,149.274,0.536364
39,1.57302,4,3,290.253,337.949,78.5088,83.585,0.676623
39,1.57302,5,2,455,291.5,220.756,157.91,0.707143
39,1.57302,6,4,432.79,252.21,295.093,101.268,0.895196
39,1.57302,7,2,410,205.5,397.709,27.2832,0.78481
39,1.57302,8,3,511.621,189.161,482.756,94.7588,0.741667
39,1.57302,9,3,852,166.5,691.413,372.7,0.763309
39,1.57302,10,4,549.167,129.167,685.094,50.7025,0.678342
39,1.57302,12,3,462.6,335.4,141.407,201.919,0.894444
40,1.61336,1,3,658.289,440.921,37.7056,396.195,0.754545
40,1.61336,2,3,354,361.5,61.3953,149.274,0.536364
40,1.61336,4,3,290.253,337.949,78.5088,83.585,0.676623
40,1.61336,5,2,455,291.5,220.756,157.91,0.707143
40,1.61336,6,1,428.798,252.588,292.744,98.5199,0.743396
40,1.61336,7,2,410,205.5,397.709,27.2832,0.78481
40,1.61336,8,3,511.621,189.161,482.756,94.7588,0.741667
40,1.61336,9,3,852,166.5,691.413,372.7,0.763309
40,1.61336,10,4,549.167,129.167,685.094,50.7025,0.678342
40,1.61336,12,3,462.6,335.4,141.407,201.919,0.894444
41,1.65369,1,3,658.289,440.921,37.7056,396.195,0.754545
41,1.65369,2,3,354,361.5,61.3953,149.274,0.536364
41,1.65369,4,3,290.253,337.949,78.5088,83.585,0.676623
41,1.65369,5,2,455,291.5,220.756,157.91,0.707143
41,1.65369,6,1,424,253,290.021,95.1742,0.724138
41,1.65369,7,2,410,205.5,397.709,27.2832,0.78481
41,1.65369,8,3,511.621,189.161,482.756,94.7588,0.741667
41,1.65369,9,3,852,166.5,691.413,372.7,0.763309
41,1.65369,10,4,549.167,129.167,685.094,50.7025,0.678342
41,1.65369,12,3,462.6,335.4,141.407,201.919,0.894444
42,1.69403,1,3,658.289,440.921,37.7056,396.195,0.754545
42,1.69403,2,3,354,361.5,61.3953,149.274,0.536364
42,1.69403,4,3,290.253,337.949,78.5088,83.585,0.676623
42,1.69403,5,2,455,291.5,220.756,157.91,0.707143
42,1.69403,6,4,419.2,253.8,286.443,92.2552,0.888828
42,1.69403,7,2,410,205.5,397.709,27.2832,0.78481
42,1.69403,8,3,511.621,189.161,482.756,94.7588,0.741667
42,1.69403,9,3,852,166.5,691.413,372.7,0.763309
42,1.69403,10,4,549.167,129.167,685.094,50.7025,0.678342
42,1.69403,12,3,462.6,335.4,141.407,201.919,0.894444
43,1.73436,1,3,658.289,440.921,37.7056,396.195,0.754545
43,1.73436,2,3,354,361.5,61.3953,149.274,0.536364
43,1.73436,4,3,290.253,337.949,78.5088,83.585,0.676623
43,1.73436,5,2,455,291.5,220.756,157.91,0.707143
43,1.73436,6,4,415.299,254.541,283.34,89.9876,0.879825
43,1.73436,7,2,410,205.5,397.709,27.2832,0.78481
43,1.73436,8,3,511.621,189.161,482.756,94.7588,0.741667
43,1.73436,9,3,852,166.5,691.413,372.7,0.763309
43,1.73436,10,4,549.167,129.167,685.094,50.7025,0.678342
43,1.73436,12,3,462.6,335.4,141.407,201.919,0.894444
44,1.77469,1,3,658.289,440.921,37.7056,396.195,0.754545
44,1.77469,2,3,354,361.5,61.3953,149.274,0.536364
44,1.77469,4,3,290.253,337.949,78.5088,83.585,0.676623
44,1.77469,5,2,455,291.5,220.756,157.91,0.707143
44,1.77469,6,4,410.518,254.908,280.733,86.6185,0.889858
44,1.77469,7,2,410,205.5,397.709,27.2832,0.78481
44,1.77469,8,3,511.621,189.161,482.756,94.7588,0.741667
44,1.77469,9,3,852,166.5,691.413,372.7,0.763309
44,1.77469,10,4,549.167,129.167,685.094,50.7025,0.678342
44,1.77469,12,3,462.6,335.4,141.407,201.919,0.894444
45,1.81503,1,3,658.289,440.921,37.7056,396.195,0.754545
45,1.81503,2,3,354,361.5,61.3953,149.274,0.536364
45,1.81503,4,3,290.253,337.949,78.5088,83.585,0.676623
45,1.81503,5,2,455,291.5,220.756,157.91,0.707143
45,1.81503,6,4,405.569,255.19,278.251,83.0256,0.87872
45,1.81503,7,2,410,205.5,397.709,27.2832,0.78481
45,1.81503,8,3,511.621,189.161,482.756,94.7588,0.741667
45,1.81503,9,3,852,166.5,691.413,372.7,0.763309
45,1.81503,10,4,549.167,129.167,685.094,50.7025,0.678342
45,1.81503,12,3,462.6,335.4,141.407,201.919,0.894444
46,1.85536,1,3,658.289,440.921,37.7056,396.195,0.754545
46,1.85536,2,3,354,361.5,61.3953,149.274,0.536364
46,1.85536,4,3,290.253,337.949,78.5088,83.585,0.676623
46,1.85536,5,2,455,291.5,220.756,157.91,0.707143
46,1.85536,6,4,402,256,275.138,81.1096,0.881058
46,1.85536,7,2,410,205.5,397.709,27.2832,0.78481
46,1.85536,8,3,511.621,189.161,482.756,94.7588,0.741667
46,1.85536,9,3,852,166.5,691.413,372.7,0.763309
46,1.85536,10,4,549.167,129.167,685.094,50.7025,0.678342
46,1.85536,12,3,462.6,335.4,141.407,201.919,0.894444
47,1.8957,1,3,658.289,440.921,37.7056,396.195,0.754545
47,1.8957,2,3,354,361.5,61.3953,149.274,0.536364
47,1.8957,4,3,290.253,337.949,78.5088,83.585,0.676623
47,1.8957,5,2,455,291.5,220.756,157.91,0.707143
47,1.8957,6,4,397.299,256.541,272.189,78.0077,0.885088
47,1.8957,7,2,410,205.5,397.709,27.2832,0.78481
47,1.8957,8,3,511.621,189.161,482.756,94.7588,0.741667
47,1.8957,9,3,852,166.5,691.413,372.7,0.763309
47,1.8957,10,4,549.167,129.167,685.094,50.7025,0.678342
47,1.8957,12,3,462.6,335.4,141.407,201.919,0.894444
48,1.93603,1,3,658.289,440.921,37.7056,396.195,0.754545
48,1.93603,2,3,354,361.5,61.3953,149.274,0.536364
48,1.93603,4,3,290.253,337.949,78.5088,83.585,0.681818
48,1.93603,5,2,455.5,291.5,220.935,158.282,0.7
48,1.93603,14,4,744.5,255.5,404.01,347.948,0.83125
48,1.93603,6,4,393.29,257.194,269.265,75.5787,0.875581
48,1.93603,7,2,410,205.5,397.709,27.2832,0.78481
48,1.93603,8,3,511.621,189.161,482.756,94.7588,0.741667
48,1.93603,9,3,852,166.5,691.413,372.7,0.771942
48,1.93603,10,4,548.244,129.384,683.926,50.1136,0.665385
48,1.93603,12,3,462.6,335.4,141.407,201.919,0.894444
49,1.97636,1,3,658.289,440.921,37.7056,396.195,0.754545
49,1.97636,2,3,354,361.5,61.3953,149.274,0.536364
49,1.97636,4,3,290.253,337.949,78.5088,83.585,0.681818
49,1.97636,5,2,455.5,291.5,220.935,158.282,0.7
49,1.97636,6,4,388.444,257.345,267.114,71.9346,0.856397
49,1.97636,7,2,410,205.5,397.709,27.2832,0.78481
49,1.97636,8,3,511.621,189.161,482.756,94.7588,0.741667
49,1.97636,9,3,852,166.5,691.413,372.7,0.771942
49,1.97636,10,4,548.244,129.384,683.926,50.1136,0.665385
49,1.97636,12,3,462.6,335.4,141.407,201.919,0.894444
50,2.0167,1,3,658.289,440.921,37.7056,396.195,0.754545
50,2.0167,2,3,354,361.5,61.3953,149.274,0.536364
50,2.0167,4,3,290.253,337.949,78.5088,83.585,0.681818
50,2.0167,5,2,455.5,291.5,220.935,158.282,0.7
50,2.0167,6,4,385.299,258.541,263.349,70.8025,0.869298
50,2.0167,7,2,410,205.5,397.709,27.2832,0.78481
50,2.0167,8,3,511.621,189.161,482.756,94.7588,0.741667
50,2.0167,9,3,852,166.5,691.413,372.7,0.771942
50,2.0167,10,4,548.244,129.384,683.926,50.1136,0.665385
50,2.0167,12,3,462.6,335.4,141.407,201.919,0.894444
51,2.05703,1,3,658.289,440.921,37.7056,396.195,0.754545
51,2.05703,2,3,354,361.5,61.3953,149.274,0.536364
51,2.05703,4,3,290.253,337.949,78.5088,83.585,0.681818
51,2.05703,5,2,455.5,291.5,220.935,158.282,0.7
51,2.05703,14,4,741,255.5,402.717,345.243,0.826316
51,2.05703,6,4,381.29,259.194,260.441,68.3865,0.852326
51,2.05703,7,2,410,205.5,397.709,27.2832,0.78481
51,2.05703,8,3,511.621,189.161,482.756,94.7588,0.741667
51,2.05703,9,3,852,166.5,691.413,372.7,0.771942
51,2.05703,10,4,548.244,129.384,683.926,50.1136,0.665385
51,2.05703,12,3,462.6,335.4,141.407,201.919,0.894444
52,2.09737,1,3,658.289,440.921,37.7056,396.195,0.754545
52,2.09737,2,3,354,361.5,61.3953,149.274,0.536364
52,2.09737,4,3,290.253,337.949,78.5088,83.585,0.681818
52,2.09737,5,2,455.5,291.5,220.935,158.282,0.7
52,2.09737,14,4,741,255.5,402.717,345.243,0.826316
52,2.09737,6,4,376,259,258.87,64.0148,0.863993
52,2.09737,7,2,410,205.5,397.709,27.2832,0.78481
52,2.09737,8,3,511.621,189.161,482.756,94.7588,0.741667
52,2.09737,9,3,852,166.5,691.413,372.7,0.771942
52,2.09737,10,4,548.244,129.384,683.926,50.1136,0.665385
52,2.09737,12,3,462.6,335.4,141.407,201.919,0.894444
53,2.1377,1,3,658.289,440.921,37.7056,396.195,0.754545
53,2.1377,2,3,354,361.5,61.3953,149.274,0.536364
53,2.1377,4,3,290.253,337.949,78.5088,83.585,0.681818
53,2.1377,5,2,455.5,291.5,220.935,158.282,0.7
53,2.1377,14,4,741,255.5,402.717,345.243,0.826316
53,2.1377,6,4,372.224,258.776,257.932,60.7945,0.888078
53,2.1377,7,2,410,205.5,397.709,27.2832,0.78481
53,2.1377,8,3,511.621,189.161,482.756,94.7588,0.741667
53,2.1377,9,3,852,166.5,691.413,372.7,0.771942
53,2.1377,10,4,548.244,129.384,683.926,50.1136,0.665385
53,2.1377,12,3,462.6,335.4,141.407,201.919,0.894444
54,2.17803,1,3,658.289,440.921,37.7056,396.195,0.754545
54,2.17803,2,3,354,361.5,61.3953,149.274,0.536364
54,2.17803,4,3,290.253,337.949,78.5088,83.585,0.681818
54,2.17803,5,2,455.5,291.5,220.935,158.282,0.7
54,2.17803,14,4,739,255.5,401.978,343.696,0.826316
54,2.17803,6,4,367.562,259.438,254.763,57.8852,0.863333
54,2.17803,7,2,410,205.5,397.709,27.2832,0.78481
54,2.17803,8,3,511.621,189.161,482.756,94.7588,0.741667
54,2.17803,9,3,852,166.5,691.413,372.7,0.771942
54,2.17803,10,4,548.244,129.384,683.926,50.1136,0.665385
54,2.17803,12,3,462.6,335.4,141.407,201.919,0.894444
55,2.21837,1,3,658.289,440.921,37.7056,396.195,0.754545
55,2.21837,2,3,354,361.5,61.3953,149.274,0.536364
55,2.21837,4,3,290.253,337.949,78.5088,83.585,0.681818
55,2.21837,5,2,455.5,291.5,220.935,158.282,0.7
55,2.21837,6,4,365.049,260.841,250.825,57.5112,0.851347
55,2.21837,7,2,410,205.5,397.709,27.2832,0.78481
55,2.21837,8,3,511.621,189.161,482.756,94.7588,0.741667
55,2.21837,9,3,852,166.5,691.413,372.7,0.771942
55,2.21837,10,4,548.244,129.384,683.926,50.1136,0.665385
55,2.21837,12,3,462.6,335.4,141.407,201.919,0.894444
56,2.2587,1,3,658.289,440.921,37.7056,396.195,0.754545
56,2.2587,2,3,354,361.5,61.3953,149.274,0.536364
56,2.2587,4,3,290.253,337.949,78.5088,83.585,0.681818
56,2.2587,5,2,455.5,291.5,220.935,158.282,0.7
56,2.2587,6,4,360.5,261.5,247.719,54.6983,0.834639
56,2.2587,7,2,410,205.5,397.709,27.2832,0.78481
56,2.2587,8,3,511.621,189.161,482.756,94.7588,0.741667
56,2.2587,9,3,852,166.5,691.413,372.7,0.771942
56,2.2587,10,4,548.244,129.384,683.926,50.1136,0.665385
56,2.2587,12,3,462.6,335.4,141.407,201.919,0.894444
57,2.29904,1,3,658.289,440.921,37.7056,396.195,0.754545
57,2.29904,2,3,354,361.5,61.3953,149.274,0.536364
57,2.29904,4,3,290.253,337.949,78.5088,83.585,0.681818
57,2.29904,5,2,455.5,291.5,220.935,158.282,0.7
57,2.29904,6,4,357,261.5,246.407,51.9575,0.84321
57,2.29904,7,2,410,205.5,397.709,27.2832,0.78481
57,2.29904,8,3,511.621,189.161,482.756,94.7588,0.741667
57,2.29904,9,3,852,166.5,691.413,372.7,0.771942
57,2.29904,10,4,548.244,129.384,683.926,50.1136,0.665385
57,2.29904,12,3,462.6,335.4,141.407,201.919,0.894444
58,2.33937,1,3,658.289,440.921,37.7056,396.195,0.754545
58,2.33937,2,3,354,361.5,61.3953,149.274,0.536364
58,2.33937,4,3,290.253,337.949,78.5088,83.585,0.681818
58,2.33937,5,2,455.5,291.5,220.935,158.282,0.7
58,2.33937,6,4,353,262.5,242.793,49.9725,0.823148
58,2.33937,7,2,410,205.5,397.709,27.2832,0.78481
58,2.33937,8,3,511.621,189.161,482.756,94.7588,0.741667
58,2.33937,9,3,852,166.5,691.413,372.7,0.771942
58,2.33937,10,4,548.244,129.384,683.926,50.1136,0.665385
58,2.33937,12,3,462.6,335.4,141.407,201.919,0.894444
59,2.3797,1,3,658.289,440.921,37.7056,396.195,0.754545
59,2.3797,2,3,354,361.5,61.3953,149.274,0.536364
59,2.3797,4,3,290.253,337.949,78.5088,83.585,0.681818
59,2.3797,5,2,455.5,291.5,220.935,158.282,0.7
59,2.3797,6,4,348.688,262.312,241.574,46.3832,0.842763
59,2.3797,7,2,410,205.5,397.709,27.2832,0.78481
59,2.3797,8,3,511.621,189.161,482.756,94.7588,0.741667
59,2.3797,9,3,852,166.5,691.413,372.7,0.771942
59,2.3797,10,4,548.244,129.384,683.926,50.1136,0.665385
59,2.3797,12,3,462.6,335.4,141.407,201.919,0.894444
60,2.42004,1,3,658.289,440.921,37.7056,396.195,0.754545
60,2.42004,15,3,354.5,371.071,46.4765,157.782,0.52069
60,2.42004,16,3,344,372,41.6121,151.552,0.745255
60,2.42004,2,3,354,361.5,61.3953,149.274,0.536364
60,2.42004,4,3,289.91,338.109,78.124,83.5017,0.684232
60,2.42004,5,2,455,291.5,220.756,157.91,0.707143
60,2.42004,6,4,344.625,262.375,239.921,43.276,0.856452
60,2.42004,7,2,410,205.5,397.709,27.2832,0.78481
60,2.42004,8,3,511.621,189.161,482.756,94.7588,0.741667
60,2.42004,9,3,852,166.5,691.413,372.7,0.771942
60,2.42004,10,4,548.244,129.384,683.926,50.1136,0.665385
61,2.46037,1,3,658.289,440.921,37.7056,396.195,0.754545
61,2.46037,15,3,354.5,371.071,46.4765,157.782,0.52069
61,2.46037,16,3,344,372,41.6121,151.552,0.745255
61,2.46037,2,3,354,361.5,61.3953,149.274,0.536364
61,2.46037,4,3,289.91,338.109,78.124,83.5017,0.684232
61,2.46037,5,2,455,291.5,220.756,157.91,0.707143
61,2.46037,6,4,340.833,263.1,236.975,41.1494,0.844671
61,2.46037,7,2,410,205.5,397.709,27.2832,0.78481
61,2.46037,8,3,511.621,189.161,482.756,94.7588,0.741667
61,2.46037,9,3,852,166.5,691.413,372.7,0.771942
61,2.46037,10,4,548.244,129.384,683.926,50.1136,0.665385
62,2.50071,1,3,658.289,440.921,37.7056,396.195,0.754545
62,2.50071,15,3,354.5,371.071,46.4765,157.782,0.52069
62,2.50071,16,3,344,372,41.6121,151.552,0.745255
62,2.50071,2,3,354,361.5,61.3953,149.274,0.536364
62,2.50071,4,3,289.91,338.109,78.124,83.5017,0.684232
62,2.50071,5,2,455,291.5,220.756,157.91,0.707143
62,2.50071,6,4,337,264,233.652,39.1976,0.821261
62,2.50071,7,2,410,205.5,397.709,27.2832,0.78481
62,2.50071,8,3,511.621,189.161,482.756,94.7588,0.741667
62,2.50071,9,3,852,166.5,691.413,372.7,0.771942
62,2.50071,10,4,548.244,129.384,683.926,50.1136,0.665385
63,2.54104,1,3,658.289,440.921,37.7056,396.195,0.754545
63,2.54104,15,3,354.5,371.071,46.4765,157.782,0.52069
63,2.54104,16,3,344,372,41.6121,151.552,0.745255
63,2.54104,2,3,354,361.5,61.3953,149.274,0.536364
63,2.54104,4,3,289.91,338.109,78.124,83.5017,0.684232
63,2.54104,5,2,455,291.5,220.756,157.91,0.707143
63,2.54104,6,4,333.347,263.775,232.757,36.0822,0.841139
63,2.54104,7,2,410,205.5,397.709,27.2832,0.78481
63,2.54104,8,3,511.621,189.161,482.756,94.7588,0.741667
63,2.54104,9,3,852,166.5,691.413,372.7,0.771942
63,2.54104,10,4,548.244,129.384,683.926,50.1136,0.665385
64,2.58137,1,3,658.289,440.921,37.7056,396.195,0.754545
64,2.58137,15,3,354.5,371.071,46.4765,157.782,0.52069
64,2.58137,16,3,344,372,41.6121,151.552,0.745255
64,2.58137,2,3,354,361.5,61.3953,149.274,0.536364
64,2.58137,4,3,289.91,338.109,78.124,83.5017,0.684232
64,2.58137,5,2,455,291.5,220.756,157.91,0.707143
64,2.58137,6,4,330,264.5,229.99,34.3135,0.822575
64,2.58137,7,2,410,205.5,397.709,27.2832,0.78481
64,2.58137,8,3,511.621,189.161,482.756,94.7588,0.741667
64,2.58137,9,3,852,166.5,691.413,372.7,0.771942
64,2.58137,10,4,548.244,129.384,683.926,50.1136,0.665385
65,2.62171,1,3,658.289,440.921,37.7056,396.195,0.754545
65,2.62171,15,3,354.5,371.071,46.4765,157.782,0.52069
65,2.62171,16,3,344,372,41.6121,151.552,0.745255
65,2.62171,2,3,354,361.5,61.3953,149.274,0.536364
65,2.62171,4,3,289.91,338.109,78.124,83.5017,0.684232
65,2.62171,5,2,455,291.5,220.756,157.91,0.707143
65,2.62171,6,4,326,265,227.452,31.7759,0.799153
65,2.62171,7,2,410,205.5,397.709,27.2832,0.78481
65,2.62171,8,3,511.621,189.161,482.756,94.7588,0.741667
65,2.62171,9,3,852,166.5,691.413,372.7,0.771942
65,2.62171,10,4,548.244,129.384,683.926,50.1136,0.665385
66,2.66204,1,3,658.289,440.921,37.7056,396.195,0.754545
66,2.66204,15,3,354.5,371.071,46.4765,157.782,0.52069
66,2.66204,16,3,344,372,41.6121,151.552,0.745255
66,2.66204,2,3,354,361.5,61.3953,149.274,0.536364
66,2.66204,4,3,289.91,338.109,78.124,83.5017,0.684232
66,2.66204,5,2,455,291.5,220.756,157.91,0.707143
66,2.66204,6,4,322.071,265.071,225.836,28.7941,0.81938
66,2.66204,7,2,410,205.5,397.709,27.2832,0.78481
66,2.66204,8,3,511.621,189.161,482.756,94.7588,0.741667
66,2.66204,9,3,852,166.5,691.413,372.7,0.771942
66,2.66204,10,4,548.244,129.384,683.926,50.1136,0.665385
67,2.70238,1,3,658.289,440.921,37.7056,396.195,0.754545
67,2.70238,15,3,354.5,371.071,46.4765,157.782,0.52069
67,2.70238,16,3,343.5,372,41.4492,151.218,0.749275
67,2.70238,2,3,354,361.5,61.3953,149.274,0.536364
67,2.70238,4,3,289.91,338.109,78.124,83.5017,0.684232
67,2.70238,5,2,455,291.5,220.756,157.91,0.707143
67,2.70238,6,4,321.842,266.684,222.404,30.5059,0.812646
67,2.70238,7,2,410,205.5,397.709,27.2832,0.78481
67,2.70238,8,3,511.621,189.161,482.756,94.7588,0.741667
67,2.70238,9,3,852,166.5,691.413,372.7,0.771942
67,2.70238,10,4,548.244,129.384,683.926,50.1136,0.665385
68,2.74271,1,3,658.289,440.921,37.7056,396.195,0.754545
68,2.74271,15,3,354.5,371.071,46.4765,157.782,0.52069
68,2.74271,16,3,344,372,41.6121,151.552,0.739416
68,2.74271,2,3,354,361.5,61.3953,149.274,0.536364
68,2.74271,4,3,289.91,338.109,78.124,83.5017,0.684232
68,2.74271,5,2,455,291.5,220.756,157.91,0.707143
68,2.74271,6,4,321,267,221.437,30.2198,0.795583
68,2.74271,7,2,410,205.5,397.709,27.2832,0.78481
68,2.74271,8,3,511.621,189.161,482.756,94.7588,0.741667
68,2.74271,9,3,852,166.5,691.413,372.7,0.771942
68,2.74271,10,4,548.244,129.384,683.926,50.1136,0.665385
69,2.78304,1,3,658.289,440.921,37.7056,396.195,0.754545
69,2.78304,15,3,354.5,371.071,46.4765,157.782,0.52069
69,2.78304,16,3,344,372,41.6121,151.552,0.739416
69,2.78304,2,3,354,361.5,61.3953,149.274,0.536364
69,2.78304,4,3,289.91,338.109,78.124,83.5017,0.684232
69,2.78304,5,2,455,291.5,220.756,157.91,0.707143
69,2.78304,6,4,321.288,267.712,220.073,31.2755,0.801799
69,2.78304,7,2,410,205.5,397.709,27.2832,0.78481
69,2.78304,8,3,511.621,189.161,482.756,94.7588,0.741667
69,2.78304,9,3,852,166.5,691.413,372.7,0.771942
69,2.78304,10,4,548.244,129.384,683.926,50.1136,0.665385
70,2.82338,1,3,658.289,440.921,37.7056,396.195,0.754545
70,2.82338,15,3,354.5,371.071,46.4765,157.782,0.52069
70,2.82338,16,3,344,372,41.6121,151.552,0.739416
70,2.82338,2,3,354,361.5,61.3953,149.274,0.536364
70,2.82338,4,3,289.91,338.109,78.124,83.5017,0.684232
70,2.82338,5,2,455,291.5,220.756,157.91,0.707143
70,2.82338,6,4,321.541,267.899,219.782,31.6904,0.828369
70,2.82338,7,2,410,205.5,397.709,27.2832,0.78481
70,2.82338,8,3,511.621,189.161,482.756,94.7588,0.741667
70,2.82338,9,3,852,166.5,691.413,372.7,0.771942
70,2.82338,10,4,548.244,129.384,683.926,50.1136,0.665385
71,2.86371,1,3,658.289,440.921,37.7056,396.195,0.754545
71,2.86371,15,3,354.5,371.071,46.4765,157.782,0.52069
71,2.86371,16,3,344,372,41.6121,151.552,0.739416
71,2.86371,2,3,354,361.5,61.3953,149.274,0.536364
71,2.86371,4,3,289.91,338.109,78.124,83.5017,0.684232
71,2.86371,5,2,455,291.5,220.756,157.91,0.707143
71,2.86371,6,4,321.929,268.929,217.806,33.1889,0.824351
71,2.86371,7,2,410,205.5,397.709,27.2832,0.78481
71,2.86371,8,3,511.621,189.161,482.756,94.7588,0.741667
71,2.86371,9,3,852,166.5,691.413,372.7,0.771942
71,2.86371,10,4,548.244,129.384,683.926,50.1136,0.665385
72,2.90405,1,3,658.289,440.921,37.7056,396.195,0.754545
72,2.90405,15,3,355,371.357,46.195,158.357,0.5
72,2.90405,16,3,344,372,41.6121,151.552,0.742336
72,2.90405,2,3,354,361.5,61.3953,149.274,0.536364
72,2.90405,4,3,289.91,338.109,78.124,83.5017,0.684232
72,2.90405,5,2,455,291.5,220.756,157.91,0.707143
72,2.90405,6,4,323,270,216.005,35.2612,0.826946
72,2.90405,17,4,743,257.5,398.76,348.173,0.777273
72,2.90405,18,4,733.5,257,396.428,340.499,0.7375
72,2.90405,7,2,410,205.5,397.709,27.2832,0.78481
72,2.90405,8,3,511.621,189.161,482.756,94.7588,0.741667
72,2.90405,9,3,852,166.5,691.413,372.7,0.771942
72,2.90405,10,4,548.244,129.384,683.926,50.1136,0.665385
72,2.90405,12,3,462.6,335.4,141.407,201.919,0.894444
73,2.94438,1,3,658.289,440.921,37.7056,396.195,0.754545
73,2.94438,15,3,355,371.357,46.195,158.357,0.5
73,2.94438,16,3,344,372,41.6121,151.552,0.742336
73,2.94438,2,3,354,361.5,61.3953,149.274,0.536364
73,2.94438,4,3,289.91,338.109,78.124,83.5017,0.684232
73,2.94438,5,2,455,291.5,220.756,157.91,0.707143
73,2.94438,6,4,321.877,269.798,216.002,34.1579,0.823994
73,2.94438,17,4,743,257.5,398.76,348.173,0.777273
73,2.94438,18,4,733.5,257,396.428,340.499,0.7375
73,2.94438,7,2,410,205.5,397.709,27.2832,0.78481
73,2.94438,8,3,511.621,189.161,482.756,94.7588,0.741667
73,2.94438,9,3,852,166.5,691.413,372.7,0.771942
73,2.94438,10,4,548.244,129.384,683.926,50.1136,0.665385
73,2.94438,12,3,462.6,335.4,141.407,201.919,0.894444
74,2.98471,1,3,658.289,440.921,37.7056,396.195,0.754545
74,2.98471,15,3,355,371.357,46.195,158.357,0.5
74,2.98471,16,3,344,372,41.6121,151.552,0.742336
74,2.98471,2,3,354,361.5,61.3953,149.274,0.536364
74,2.98471,4,3,289.91,338.109,78.124,83.5017,0.684232
74,2.98471,5,2,455,291.5,220.756,157.91,0.707143
74,2.98471,6,4,322.176,270.824,214.013,35.5755,0.804412
74,2.98471,17,4,743,257.5,398.76,348.173,0.777273
74,2.98471,18,4,733.5,257,396.428,340.499,0.7375
74,2.98471,7,2,410,205.5,397.709,27.2832,0.78481
74,2.98471,8,3,511.621,189.161,482.756,94.7588,0.741667
74,2.98471,9,3,852,166.5,691.413,372.7,0.771942
74,2.98471,10,4,548.244,129.384,683.926,50.1136,0.665385
74,2.98471,12,3,462.6,335.4,141.407,201.919,0.894444
75,3.02505,1,3,658.289,440.921,37.7056,396.195,0.754545
75,3.02505,15,3,355,371.357,46.195,158.357,0.5
75,3.02505,16,3,344,372,41.6121,151.552,0.742336
75,3.02505,2,3,354,361.5,61.3953,149.274,0.536364
75,3.02505,4,3,289.91,338.109,78.124,83.5017,0.684232
75,3.02505,5,2,455,291.5,220.756,157.91,0.707143
75,3.02505,6,4,323.059,271.941,212.059,37.545,0.814095
75,3.02505,17,4,742,257.5,398.391,347.402,0.777273
75,3.02505,18,4,733,257,396.243,340.113,0.740476
75,3.02505,7,2,410,205.5,397.709,27.2832,0.78481
75,3.02505,8,3,511.621,189.161,482.756,94.7588,0.741667
75,3.02505,9,3,852,166.5,691.413,372.7,0.771942
75,3.02505,10,4,548.244,129.384,683.926,50.1136,0.665385
75,3.02505,12,3,462.6,335.4,141.407,201.919,0.894444
76,3.06538,1,3,658.289,440.921,37.7056,396.195,0.754545
76,3.06538,15,3,355,371.357,46.195,158.357,0.5
76,3.06538,16,3,344.5,372,41.7751,151.886,0.7375
76,3.06538,2,3,354,361.5,61.3953,149.274,0.536364
76,3.06538,4,3,289.91,338.109,78.124,83.5017,0.684232
76,3.06538,5,2,455,291.5,220.756,157.91,0.707143
76,3.06538,17,4,741.5,257.5,398.207,347.017,0.7375
76,3.06538,7,2,410,205.5,397.709,27.2832,0.78481
76,3.06538,8,3,511.621,189.161,482.756,94.7588,0.741667
76,3.06538,9,3,852,166.5,691.413,372.7,0.771942
76,3.06538,10,4,548.244,129.384,683.926,50.1136,0.665385
76,3.06538,12,3,462.6,335.4,141.407,201.919,0.894444
76,3.06538,6,1,323.4,269.4,217.384,34.8767,0.837563
77,3.10572,1,3,658.289,440.921,37.7056,396.195,0.754545
77,3.10572,15,3,355,371.357,46.195,158.357,0.5
77,3.10572,16,3,344.5,372,41.7751,151.886,0.7375
77,3.10572,2,3,354,361.5,61.3953,149.274,0.536364
77,3.10572,4,3,289.91,338.109,78.124,83.5017,0.684232
77,3.10572,5,2,455,291.5,220.756,157.91,0.707143
77,3.10572,6,4,323.167,273.167,209.606,39.0345,0.815487
77,3.10572,7,2,410,205.5,397.709,27.2832,0.78481
77,3.10572,8,3,511.621,189.161,482.756,94.7588,0.741667
77,3.10572,9,3,852,166.5,691.413,372.7,0.771942
77,3.10572,10,4,548.244,129.384,683.926,50.1136,0.665385
77,3.10572,12,3,462.6,335.4,141.407,201.919,0.894444
78,3.14605,1,3,658.289,440.921,37.7056,396.195,0.754545
78,3.14605,15,3,355,371.357,46.195,158.357,0.5
78,3.14605,16,3,344.5,372,41.7751,151.886,0.7375
78,3.14605,2,3,354,361.5,61.3953,149.274,0.536364
78,3.14605,4,3,289.91,338.109,78.124,83.5017,0.684232
78,3.14605,5,2,455,291.5,220.756,157.91,0.707143
78,3.14605,6,4,323.814,273.712,208.738,40.1575,0.834431
78,3.14605,7,2,410,205.5,397.709,27.2832,0.78481
78,3.14605,8,3,511.621,189.161,482.756,94.7588,0.741667
78,3.14605,9,3,852,166.5,691.413,372.7,0.771942
78,3.14605,10,4,548.244,129.384,683.926,50.1136,0.665385
78,3.14605,12,3,462.6,335.4,141.407,201.919,0.894444
79,3.18638,1,3,658.289,440.921,37.7056,396.195,0.754545
79,3.18638,15,3,355,371.357,46.195,158.357,0.5
79,3.18638,16,3,345,372,41.938,152.22,0.731405
79,3.18638,2,3,354,361.5,61.3953,149.274,0.536364
79,3.18638,4,3,289.91,338.109,78.124,83.5017,0.684232
79,3.18638,5,2,455,291.5,220.756,157.91,0.707143
79,3.18638,6,4,323.5,273.786,208.473,39.9995,0.834639
79,3.18638,7,2,410,205.5,397.709,27.2832,0.78481
79,3.18638,8,3,511.621,189.161,482.756,94.7588,0.741667
79,3.18638,9,3,852,166.5,691.413,372.7,0.771942
79,3.18638,10,4,548.244,129.384,683.926,50.1136,0.665385
79,3.18638,12,3,462.6,335.4,141.407,201.919,0.894444
80,3.22672,1,3,658.289,440.921,37.7056,396.195,0.754545
80,3.22672,15,3,355,371.357,46.195,158.357,0.5
80,3.22672,16,3,344,372,41.6121,151.552,0.745255
80,3.22672,2,3,354,361.5,61.3953,149.274,0.536364
80,3.22672,4,3,289.91,338.109,78.124,83.5017,0.684232
80,3.22672,5,2,455,291.5,220.756,157.91,0.707143
80,3.22672,6,4,324,275,206.201,41.7689,0.828592
80,3.22672,7,2,410,205.5,397.709,27.2832,0.78481
80,3.22672,8,3,511.621,189.161,482.756,94.7588,0.741667
80,3.22672,9,3,852,166.5,691.413,372.7,0.771942
80,3.22672,10,4,548.244,129.384,683.926,50.1136,0.665385
80,3.22672,12,3,462.6,335.4,141.407,201.919,0.894444
81,3.26705,1,3,658.289,440.921,37.7056,396.195,0.754545
81,3.26705,15,3,355,371.357,46.195,158.357,0.5
81,3.26705,16,3,344,372,41.6121,151.552,0.745255
81,3.26705,2,3,354,361.5,61.3953,149.274,0.536364
81,3.26705,4,3,289.91,338.109,78.124,83.5017,0.684232
81,3.26705,5,2,455,291.5,220.756,157.91,0.707143
81,3.26705,7,2,410,205.5,397.709,27.2832,0.78481
81,3.26705,8,3,511.621,189.161,482.756,94.7588,0.741667
81,3.26705,9,3,852,166.5,691.413,372.7,0.771942
81,3.26705,10,4,548.244,129.384,683.926,50.1136,0.665385
81,3.26705,12,3,462.6,335.4,141.407,201.919,0.894444
81,3.26705,6,1,328.2,269.4,219.167,38.5966,0.8
82,3.30739,1,3,658.289,440.921,37.7056,396.195,0.754545
82,3.30739,15,3,355,371.357,46.195,158.357,0.5
82,3.30739,16,3,344,372,41.6121,151.552,0.745255
82,3.30739,2,3,354,361.5,61.3953,149.274,0.536364
82,3.30739,4,3,289.91,338.109,78.124,83.5017,0.684232
82,3.30739,5,2,455,291.5,220.756,157.91,0.707143
82,3.30739,6,4,324.92,276.321,203.876,43.9746,0.821739
82,3.30739,7,2,410,205.5,397.709,27.2832,0.78481
82,3.30739,8,3,511.621,189.161,482.756,94.7588,0.741667
82,3.30739,9,3,852,166.5,691.413,372.7,0.771942
82,3.30739,10,4,548.244,129.384,683.926,50.1136,0.665385
82,3.30739,12,3,462.6,335.4,141.407,201.919,0.894444
83,3.34772,1,3,658.289,440.921,37.7056,396.195,0.754545
83,3.34772,15,3,355,371.357,46.195,158.357,0.5
83,3.34772,16,3,344,372,41.6121,151.552,0.745255
83,3.34772,2,3,354,361.5,61.3953,149.274,0.536364
83,3.34772,4,3,289.91,338.109,78.124,83.5017,0.684232
83,3.34772,5,2,455,291.5,220.756,157.91,0.707143
83,3.34772,6,4,324.905,276.69,203.128,44.3814,0.832991
83,3.34772,7,2,410,205.5,397.709,27.2832,0.78481
83,3.34772,8,3,511.621,189.161,482.756,94.7588,0.741667
83,3.34772,9,3,852,166.5,691.413,372.7,0.771942
83,3.34772,10,4,548.244,129.384,683.926,50.1136,0.665385
83,3.34772,12,3,462.6,335.4,141.407,201.919,0.894444
84,3.38805,1,3,658.289,440.921,37.7056,396.195,0.754545
84,3.38805,2,4,354.462,361.769,61.118,149.819,0.835714
84,3.38805,4,3,289.898,338.221,77.9321,83.604,0.685774
84,3.38805,5,2,455,291.5,220.756,157.91,0.707143
84,3.38805,7,2,410,205.5,397.709,27.2832,0.78481
84,3.38805,8,3,511.621,189.161,482.756,94.7588,0.741667
84,3.38805,9,3,852,166.5,691.413,372.7,0.771942
84,3.38805,10,4,548.244,129.384,683.926,50.1136,0.665385
84,3.38805,6,1,327,275.4,206.499,44.5274,0.875
84,3.38805,12,3,462.6,335.4,141.407,201.919,0.894444
85,3.42839,1,3,658.289,440.921,37.7056,396.195,0.754545
85,3.42839,2,4,354.462,361.769,61.118,149.819,0.835714
85,3.42839,4,3,289.898,338.221,77.9321,83.604,0.685774
85,3.42839,5,2,455,291.5,220.756,157.91,0.707143
85,3.42839,6,4,326.409,278.591,199.87,47.6747,0.83811
85,3.42839,7,2,410,205.5,397.709,27.2832,0.78481
85,3.42839,8,3,511.621,189.161,482.756,94.7588,0.741667
85,3.42839,9,3,852,166.5,691.413,372.7,0.771942
85,3.42839,10,4,548.244,129.384,683.926,50.1136,0.665385
85,3.42839,12,3,462.6,335.4,141.407,201.919,0.894444
86,3.46872,1,3,658.289,440.921,37.7056,396.195,0.754545
86,3.46872,2,4,354.462,361.769,61.118,149.819,0.835714
86,3.46872,4,3,289.898,338.221,77.9321,83.604,0.685774
86,3.46872,5,2,455,291.5,220.756,157.91,0.707143
86,3.46872,6,4,326.548,279.355,198.396,48.6381,0.824627
86,3.46872,7,2,410,205.5,397.709,27.2832,0.78481
86,3.46872,8,3,511.621,189.161,482.756,94.7588,0.741667
86,3.46872,9,3,852.5,166.5,691.621,373.145,0.768
86,3.46872,10,4,548.244,129.384,683.926,50.1136,0.665385
86,3.46872,12,3,462.6,335.4,141.407,201.919,0.894444
87,3.50905,1,3,658.289,440.921,37.7056,396.195,0.754545
87,3.50905,2,4,354.462,361.769,61.118,149.819,0.835714
87,3.50905,4,3,289.898,338.221,77.9321,83.604,0.685774
87,3.50905,5,2,455,291.5,220.756,157.91,0.707143
87,3.50905,6,4,327.289,279.5,198.378,49.3661,0.844753
87,3.50905,7,2,410,205.5,397.709,27.2832,0.78481
87,3.50905,8,3,511.621,189.161,482.756,94.7588,0.741667
87,3.50905,9,3,852.081,166.388,691.807,372.688,0.776259
87,3.50905,10,4,548.244,129.384,683.926,50.1136,0.665385
87,3.50905,12,3,462.6,335.4,141.407,201.919,0.894444
88,3.54939,1,3,658.289,440.921,37.7056,396.195,0.754545
88,3.54939,2,4,354.462,361.769,61.118,149.819,0.835714
88,3.54939,4,3,289.898,338.221,77.9321,83.604,0.685774
88,3.54939,5,2,455,291.5,220.756,157.91,0.707143
88,3.54939,6,4,327.248,280.109,197.149,50.015,0.834024
88,3.54939,7,2,410,205.5,397.709,27.2832,0.78481
88,3.54939,8,3,511.621,189.161,482.756,94.7588,0.741667
88,3.54939,9,3,852.081,166.388,691.807,372.688,0.770504
88,3.54939,10,4,548.244,129.384,683.926,50.1136,0.665385
88,3.54939,12,3,462.6,335.4,141.407,201.919,0.894444
89,3.58972,1,3,658.289,440.921,37.7056,396.195,0.754545
89,3.58972,2,4,354.462,361.769,61.118,149.819,0.835714
89,3.58972,4,3,289.898,338.221,77.9321,83.604,0.685774
89,3.58972,5,2,455,291.5,220.756,157.91,0.707143
89,3.58972,6,4,327.696,280.31,196.913,50.581,0.843375
89,3.58972,7,2,410,205.5,397.709,27.2832,0.78481
89,3.58972,8,3,511.621,189.161,482.756,94.7588,0.741667
89,3.58972,9,3,852.081,166.388,691.807,372.688,0.773381
89,3.58972,10,4,548.244,129.384,683.926,50.1136,0.665385
89,3.58972,12,3,462.6,335.4,141.407,201.919,0.894444
90,3.63006,1,3,658.289,440.921,37.7056,396.195,0.754545
90,3.63006,2,4,354.462,361.769,61.118,149.819,0.835714
90,3.63006,4,3,289.898,338.221,77.9321,83.604,0.685774
90,3.63006,5,2,455,291.5,220.756,157.91,0.707143
90,3.63006,6,4,328,281,195.652,51.5819,0.838288
90,3.63006,7,2,410,205.5,397.709,27.2832,0.78481
90,3.63006,8,3,511.621,189.161,482.756,94.7588,0.741667
90,3.63006,9,3,852.081,166.388,691.807,372.688,0.773381
90,3.63006,10,4,548.244,129.384,683.926,50.1136,0.665385
90,3.63006,12,3,462.6,335.4,141.407,201.919,0.894444
91,3.67039,1,3,658.289,440.921,37.7056,396.195,0.754545
91,3.67039,2,4,354.462,361.769,61.118,149.819,0.835714
91,3.67039,4,3,289.898,338.221,77.9321,83.604,0.685774
91,3.67039,5,2,455,291.5,220.756,157.91,0.707143
91,3.67039,6,4,327.862,281.777,194.061,52.3403,0.821513
91,3.67039,7,2,410,205.5,397.709,27.2832,0.78481
91,3.67039,8,3,511.621,189.161,482.756,94.7588,0.741667
91,3.67039,9,3,852.081,166.388,691.807,372.688,0.773381
91,3.67039,10,4,548.244,129.384,683.926,50.1136,0.665385
91,3.67039,12,3,462.6,335.4,141.407,201.919,0.894444
92,3.71072,1,3,658.289,440.921,37.7056,396.195,0.754545
92,3.71072,2,4,354.462,361.769,61.118,149.819,0.835714
92,3.71072,4,3,289.898,338.221,77.9321,83.604,0.6841
92,3.71072,5,2,455,291.5,220.756,157.91,0.707143
92,3.71072,6,4,327.9,282.167,193.303,52.8025,0.832132
92,3.71072,7,2,410,205.5,397.709,27.2832,0.78481
92,3.71072,8,3,511.621,189.161,482.756,94.7588,0.741667
92,3.71072,9,3,852.081,166.388,691.807,372.688,0.773381
92,3.71072,10,4,548.244,129.384,683.926,50.1136,0.665385
92,3.71072,12,3,462.6,335.4,141.407,201.919,0.894444
93,3.75106,1,3,658.289,440.921,37.7056,396.195,0.754545
93,3.75106,2,4,354.462,361.769,61.118,149.819,0.835714
93,3.75106,4,3,289.898,338.221,77.9321,83.604,0.6841
93,3.75106,5,2,455,291.5,220.756,157.91,0.707143
93,3.75106,6,4,328.409,282.591,192.65,53.6596,0.833537
93,3.75106,7,2,410,205.5,397.709,27.2832,0.78481
93,3.75106,8,3,511.621,189.161,482.756,94.7588,0.741667
93,3.75106,9,3,852.081,166.388,691.807,372.688,0.773381
93,3.75106,10,4,548.244,129.384,683.926,50.1136,0.665385
93,3.75106,12,3,462.6,335.4,141.407,201.919,0.894444
94,3.79139,1,3,658.289,440.921,37.7056,396.195,0.754545
94,3.79139,2,4,354.462,361.769,61.118,149.819,0.835714
94,3.79139,4,3,289.898,338.221,77.9321,83.604,0.6841
94,3.79139,5,2,455,291.5,220.756,157.91,0.707143
94,3.79139,6,4,328.176,282.824,192.105,53.7406,0.835507
94,3.79139,7,2,410,205.5,397.709,27.2832,0.78481
94,3.79139,8,3,511.621,189.161,482.756,94.7588,0.741667
94,3.79139,9,3,852.081,166.388,691.807,372.688,0.773381
94,3.79139,10,4,548.244,129.384,683.926,50.1136,0.665385
94,3.79139,12,3,462.6,335.4,141.407,201.919,0.894444
95,3.83173,1,3,658.289,440.921,37.7056,396.195,0.754545
95,3.83173,2,4,354.462,361.769,61.118,149.819,0.835714
95,3.83173,4,3,289.898,338.221,77.9321,83.604,0.6841
95,3.83173,5,2,455,291.5,220.756,157.91,0.707143
95,3.83173,6,4,328.118,282.882,191.967,53.761,0.843948
95,3.83173,7,2,410,205.5,397.709,27.2832,0.78481
95,3.83173,8,3,511.621,189.161,482.756,94.7588,0.741667
95,3.83173,9,3,852.081,166.388,691.807,372.688,0.773381
95,3.83173,10,4,548.244,129.384,683.926,50.1136,0.665385
95,3.83173,12,3,462.6,335.4,141.407,201.919,0.894444
96,3.87206,1,3,658.036,440.946,37.5945,396.054,0.771429
96,3.87206,2,4,354.462,361.769,61.118,149.819,0.835714
96,3.87206,4,3,289.898,338.221,77.9321,83.604,0.6841
96,3.87206,5,2,455,291.5,220.756,157.91,0.707143
96,3.87206,7,2,410,205.5,397.709,27.2832,0.78481
96,3.87206,8,3,511.621,189.161,482.756,94.7588,0.741667
96,3.87206,9,3,852,166.5,691.413,372.7,0.771942
96,3.87206,10,4,548.244,129.384,683.926,50.1136,0.665385
96,3.87206,16,3,347.4,367.8,49.2647,150.245,0.760513
96,3.87206,6,1,330.6,281.4,195.809,54.0048,0.898477
96,3.87206,12,3,461.4,336.6,138.896,202.066,0.869543
97,3.91239,1,3,658.036,440.946,37.5945,396.054,0.771429
97,3.91239,2,4,354.462,361.769,61.118,149.819,0.835714
97,3.91239,4,3,289.898,338.221,77.9321,83.604,0.6841
97,3.91239,5,2,455,291.5,220.756,157.91,0.707143
97,3.91239,6,4,328.5,284,189.903,55.2859,0.839548
97,3.91239,7,2,410,205.5,397.709,27.2832,0.78481
97,3.91239,8,3,511.621,189.161,482.756,94.7588,0.741667
97,3.91239,9,3,852,166.5,691.413,372.7,0.771942
97,3.91239,10,4,548.244,129.384,683.926,50.1136,0.665385
97,3.91239,16,3,347.4,367.8,49.2647,150.245,0.760513
97,3.91239,12,3,461.4,336.6,138.896,202.066,0.869543
98,3.95273,1,3,658.036,440.946,37.5945,396.054,0.771429
98,3.95273,2,4,354.462,361.769,61.118,149.819,0.835714
98,3.95273,4,3,289.898,338.221,77.9321,83.604,0.6841
98,3.95273,5,2,455,291.5,220.756,157.91,0.707143
98,3.95273,7,2,410,205.5,397.709,27.2832,0.78481
98,3.95273,8,3,511.621,189.161,482.756,94.7588,0.745
98,3.95273,9,3,852,166.5,691.413,372.7,0.771942
98,3.95273,10,4,548.244,129.384,683.926,50.1136,0.665385
98,3.95273,16,3,347.4,367.8,49.2647,150.245,0.760513
98,3.95273,6,1,329.4,280.2,197.756,51.7572,1
98,3.95273,12,3,461.4,336.6,138.896,202.066,0.869543
99,3.99306,1,3,658.036,440.946,37.5945,396.054,0.771429
99,3.99306,2,4,354.462,361.769,61.118,149.819,0.835714
99,3.99306,4,3,289.898,338.221,77.9321,83.604,0.6841
99,3.99306,5,2,455,291.5,220.756,157.91,0.714286
99,3.99306,7,2,410,205.5,397.709,27.2832,0.78481
99,3.99306,8,3,511.621,189.161,482.756,94.7588,0.745
99,3.99306,9,3,852,166.5,691.413,372.7,0.771942
99,3.99306,10,4,548.244,129.384,683.926,50.1136,0.665385
99,3.99306,16,3,347.4,367.8,49.2647,150.245,0.760513
99,3.99306,6,1,329.4,283.8,190.625,55.7475,0.753846
99,3.99306,12,3,461.4,336.6,138.896,202.066,0.869543
100,4.0334,1,3,658.036,440.946,37.5945,396.054,0.771429
100,4.0334,2,4,354.462,361.769,61.118,149.819,0.835714
100,4.0334,4,3,289.898,338.221,77.9321,83.604,0.6841
100,4.0334,5,2,455,291.5,220.756,157.91,0.714286
100,4.0334,6,4,329.227,285.773,186.686,57.7856,0.830802
100,4.0334,7,2,410,205.5,397.709,27.2832,0.78481
100,4.0334,8,3,511.621,189.161,482.756,94.7588,0.745
100,4.0334,9,3,852,166.5,691.413,372.7,0.771942
100,4.0334,10,4,548.244,129.384,683.926,50.1136,0.665385
100,4.0334,16,3,347.4,367.8,49.2647,150.245,0.760513
100,4.0334,12,3,461.4,336.6,138.896,202.066,0.869543
101,4.07373,1,3,658.036,440.946,37.5945,396.054,0.771429
101,4.07373,2,4,354.462,361.769,61.118,149.819,0.835714
101,4.07373,4,3,289.898,338.221,77.9321,83.604,0.6841
101,4.07373,5,2,455,291.5,220.756,157.91,0.714286
101,4.07373,6,4,329.322,285.938,186.396,58.0386,0.828261
101,4.07373,7,2,410,205.5,397.709,27.2832,0.78481
101,4.07373,8,3,511.621,189.161,482.756,94.7588,0.745
101,4.07373,9,3,852,166.5,691.413,372.7,0.771942
101,4.07373,10,4,548.244,129.384,683.926,50.1136,0.665385
101,4.07373,16,3,347.4,367.8,49.2647,150.245,0.760513
101,4.07373,12,3,461.4,336.6,138.896,202.066,0.869543
102,4.11406,1,3,658.036,440.946,37.5945,396.054,0.771429
102,4.11406,2,4,354.462,361.769,61.118,149.819,0.817857
102,4.11406,4,3,289.898,338.221,77.9321,83.604,0.6841
102,4.11406,5,2,455,291.5,220.756,157.91,0.714286
102,4.11406,7,2,410,205.5,397.709,27.2832,0.78481
102,4.11406,8,3,511.621,189.161,482.756,94.7588,0.745
102,4.11406,9,3,852,166.5,691.413,372.7,0.771942
102,4.11406,10,4,548.244,129.384,683.926,50.1136,0.665385
102,4.11406,6,1,330.6,283.8,191.062,56.6569,0.825641
102,4.11406,12,3,461.4,336.6,138.896,202.066,0.869543
103,4.1544,1,3,658.036,440.946,37.5945,396.054,0.771429
103,4.1544,2,4,354.462,361.769,61.118,149.819,0.817857
103,4.1544,4,3,289.898,338.221,77.9321,83.604,0.6841
103,4.1544,5,2,455,291.5,220.756,157.91,0.714286
103,4.1544,6,4,330.176,286.824,184.976,59.6519,0.831159
103,4.1544,7,2,410,205.5,397.709,27.2832,0.78481
103,4.1544,8,3,511.621,189.161,482.756,94.7588,0.745
103,4.1544,9,3,852,166.5,691.413,372.7,0.771942
103,4.1544,10,4,548.244,129.384,683.926,50.1136,0.665385
103,4.1544,12,3,461.4,336.6,138.896,202.066,0.869543
104,4.19473,1,3,658.036,440.946,37.5945,396.054,0.771429
104,4.19473,2,4,354.462,361.769,61.118,149.819,0.817857
104,4.19473,4,3,289.91,338.109,78.124,83.5017,0.675934
104,4.19473,5,2,455,291.5,220.756,157.91,0.714286
104,4.19473,6,4,329.5,287,184.386,59.3344,0.814124
104,4.19473,7,2,410,205.5,397.709,27.2832,0.78481
104,4.19473,8,3,511.621,189.161,482.756,94.7588,0.745
104,4.19473,9,3,852,166.5,691.413,372.7,0.771942
104,4.19473,10,4,548.244,129.384,683.926,50.1136,0.665385
104,4.19473,12,3,461.4,336.6,138.896,202.066,0.869543
105,4.23507,1,3,658.036,440.946,37.5945,396.054,0.771429
105,4.23507,2,4,354.462,361.769,61.118,149.819,0.817857
105,4.23507,4,3,289.91,338.109,78.124,83.5017,0.675934
105,4.23507,5,2,455,291.5,220.756,157.91,0.714286
105,4.23507,7,2,410,205.5,397.709,27.2832,0.78481
105,4.23507,8,3,511.621,189.161,482.756,94.7588,0.745
105,4.23507,9,3,852,166.5,691.413,372.7,0.771942
105,4.23507,10,4,548.244,129.384,683.926,50.1136,0.665385
105,4.23507,6,1,330.6,285,188.701,57.9759,0.794737
105,4.23507,12,3,461.4,336.6,138.896,202.066,0.869543
106,4.2754,1,3,658.036,440.946,37.5945,396.054,0.771429
106,4.2754,2,4,354.462,361.769,61.118,149.819,0.817857
106,4.2754,4,3,289.91,338.109,78.124,83.5017,0.675934
106,4.2754,5,2,455,291.5,220.756,157.91,0.714286
106,4.2754,6,4,329.591,287.409,183.621,59.8494,0.823952
106,4.2754,7,2,410,205.5,397.709,27.2832,0.78481
106,4.2754,8,3,511.621,189.161,482.756,94.7588,0.745
106,4.2754,9,3,852,166.5,691.413,372.7,0.771942
106,4.2754,10,4,548.244,129.384,683.926,50.1136,0.665385
106,4.2754,12,3,461.4,336.6,138.896,202.066,0.869543
107,4.31573,1,3,658.036,440.946,37.5945,396.054,0.771429
107,4.31573,2,4,354.462,361.769,61.118,149.819,0.817857
107,4.31573,4,3,289.91,338.109,78.124,83.5017,0.672614
107,4.31573,5,2,455,291.5,220.756,157.91,0.714286
107,4.31573,7,2,410,205.5,397.709,27.2832,0.78481
107,4.31573,8,3,511.621,189.161,482.756,94.7588,0.745
107,4.31573,9,3,852,166.5,691.413,372.7,0.771942
107,4.31573,10,4,548.244,129.384,683.926,50.1136,0.665385
107,4.31573,6,1,330.6,285,188.701,57.9759,0.822917
107,4.31573,12,3,461.4,336.6,138.896,202.066,0.869543
108,4.35607,1,3,658.036,440.946,37.5945,396.054,0.771429
108,4.35607,2,4,354,361.5,61.3953,149.274,0.890909
108,4.35607,4,3,289.894,338.255,77.8741,83.6349,0.687234
108,4.35607,5,2,455,291.5,220.756,157.91,0.717857
108,4.35607,7,2,410,206,396.427,27.928,0.789474
108,4.35607,8,3,511.621,189.161,482.756,94.7588,0.738333
108,4.35607,9,3,852.081,166.388,691.807,372.688,0.770504
108,4.35607,10,4,548.244,129.384,683.926,50.1136,0.665385
108,4.35607,6,1,330.6,286.2,186.348,59.2903,0.774359
108,4.35607,12,3,462.6,335.4,141.407,201.919,0.894444
109,4.3964,1,3,658.036,440.946,37.5945,396.054,0.771429
109,4.3964,2,4,354,361.5,61.3953,149.274,0.890909
109,4.3964,4,3,289.894,338.255,77.8741,83.6349,0.687234
109,4.3964,5,2,455,291.5,220.756,157.91,0.717857
109,4.3964,7,2,410,206,396.427,27.928,0.789474
109,4.3964,8,3,511.621,189.161,482.756,94.7588,0.738333
109,4.3964,9,3,852.081,166.388,691.807,372.688,0.770504
109,4.3964,10,4,548.244,129.384,683.926,50.1136,0.665385
109,4.3964,6,1,331.8,285,189.137,58.8837,0.964539
109,4.3964,12,3,462.6,335.4,141.407,201.919,0.894444
110,4.43674,1,3,658.036,440.946,37.5945,396.054,0.771429
110,4.43674,2,4,354,361.5,61.3953,149.274,0.890909
110,4.43674,4,3,289.894,338.255,77.8741,83.6349,0.687234
110,4.43674,5,2,455,291.5,220.756,157.91,0.717857
110,4.43674,7,2,410,206,396.427,27.928,0.789474
110,4.43674,8,3,511.621,189.161,482.756,94.7588,0.738333
110,4.43674,9,3,852.081,166.388,691.807,372.688,0.770504
110,4.43674,10,4,548.244,129.384,683.926,50.1136,0.665385
110,4.43674,6,1,331.8,286.2,186.784,60.1964,0.825641
110,4.43674,12,3,462.6,335.4,141.407,201.919,0.894444
111,4.47707,1,3,658.036,440.946,37.5945,396.054,0.771429
111,4.47707,2,4,354,361.5,61.3953,149.274,0.890909
111,4.47707,4,3,289.894,338.255,77.8741,83.6349,0.687234
111,4.47707,5,2,455,291.5,220.756,157.91,0.717857
111,4.47707,7,2,410,206,396.427,27.928,0.789474
111,4.47707,8,3,511.621,189.161,482.756,94.7588,0.738333
111,4.47707,9,3,852.081,166.388,691.807,372.688,0.770504
111,4.47707,10,4,548.244,129.384,683.926,50.1136,0.665385
111,4.47707,6,1,331.8,286.2,186.784,60.1964,0.841026
111,4.47707,12,3,462.6,335.4,141.407,201.919,0.894444
112,4.5174,1,3,658.036,440.946,37.5945,396.054,0.771429
112,4.5174,2,4,354,361.5,61.3953,149.274,0.890909
112,4.5174,4,3,289.894,338.255,77.8741,83.6349,0.687234
112,4.5174,5,2,455,291.5,220.756,157.91,0.717857
112,4.5174,7,2,410,206,396.427,27.928,0.789474
112,4.5174,8,3,511.621,189.161,482.756,94.7588,0.738333
112,4.5174,9,3,852.081,166.388,691.807,372.688,0.770504
112,4.5174,10,4,548.244,129.384,683.926,50.1136,0.665385
112,4.5174,6,1,330.6,286.2,186.348,59.2903,0.810256
112,4.5174,12,3,462.6,335.4,141.407,201.919,0.894444
113,4.55774,1,3,658.036,440.946,37.5945,396.054,0.771429
113,4.55774,2,4,354,361.5,61.3953,149.274,0.890909
113,4.55774,4,3,289.894,338.255,77.8741,83.6349,0.687234
113,4.55774,5,2,455,291.5,220.756,157.91,0.717857
113,4.55774,7,2,410,206,396.427,27.928,0.789474
113,4.55774,8,3,511.621,189.161,482.756,94.7588,0.738333
113,4.55774,9,3,852.081,166.388,691.807,372.688,0.770504
113,4.55774,10,4,548.244,129.384,683.926,50.1136,0.665385
113,4.55774,6,1,331.8,286.2,186.784,60.1964,0.866667
113,4.55774,12,3,462.6,335.4,141.407,201.919,0.894444
114,4.59807,1,3,658.036,440.946,37.5945,396.054,0.771429
114,4.59807,2,4,354,361.5,61.3953,149.274,0.890909
114,4.59807,4,3,289.894,338.255,77.8741,83.6349,0.687234
114,4.59807,5,2,455,291.5,220.756,157.91,0.717857
114,4.59807,7,2,410,206,396.427,27.928,0.789474
114,4.59807,8,3,511.621,189.161,482.756,94.7588,0.738333
114,4.59807,9,3,852.081,166.388,691.807,372.688,0.770504
114,4.59807,10,4,548.244,129.384,683.926,50.1136,0.665385
114,4.59807,6,1,331.8,287.4,184.439,61.5046,0.779487
114,4.59807,12,3,462.6,335.4,141.407,201.919,0.894444
115,4.63841,1,3,658.036,440.946,37.5945,396.054,0.771429
115,4.63841,2,4,354,361.5,61.3953,149.274,0.890909
115,4.63841,4,3,289.894,338.255,77.8741,83.6349,0.687234
115,4.63841,5,2,455,291.5,220.756,157.91,0.717857
115,4.63841,7,2,410,206,396.427,27.928,0.789474
115,4.63841,8,3,511.621,189.161,482.756,94.7588,0.738333
115,4.63841,9,3,852,166.5,691.413,372.7,0.771942
115,4.63841,10,4,548.244,129.384,683.926,50.1136,0.665385
115,4.63841,6,1,331.8,287.4,184.439,61.5046,0.789744
115,4.63841,12,3,462.6,335.4,141.407,201.919,0.894444
116,4.67874,1,3,658.036,440.946,37.5945,396.054,0.771429
116,4.67874,2,4,354,361.5,61.3953,149.274,0.890909
116,4.67874,4,3,289.894,338.255,77.8741,83.6349,0.687234
116,4.67874,5,2,455,291.5,220.756,157.91,0.717857
116,4.67874,7,2,410,206,396.427,27.928,0.789474
116,4.67874,8,3,511.621,189.161,482.756,94.7588,0.738333
116,4.67874,9,3,852,166.5,691.413,372.7,0.771942
116,4.67874,10,4,548.244,129.384,683.926,50.1136,0.665385
116,4.67874,6,1,331.8,287.4,184.439,61.5046,0.815385
116,4.67874,12,3,462.6,335.4,141.407,201.919,0.894444
117,4.71907,1,3,658.036,440.946,37.5945,396.054,0.771429
117,4.71907,2,4,354,361.5,61.3953,149.274,0.890909
117,4.71907,4,3,289.894,338.255,77.8741,83.6349,0.687234
117,4.71907,5,2,455,291.5,220.756,157.91,0.717857
117,4.71907,7,2,410,206,396.427,27.928,0.789474
117,4.71907,8,3,511.621,189.161,482.756,94.7588,0.738333
117,4.71907,9,3,852,166.5,691.413,372.7,0.771942
117,4.71907,10,4,548.244,129.384,683.926,50.1136,0.665385
117,4.71907,6,1,331.8,287.4,184.439,61.5046,0.825641
117,4.71907,12,3,462.6,335.4,141.407,201.919,0.894444
118,4.75941,1,3,658.036,440.946,37.5945,396.054,0.771429
118,4.75941,2,4,354,361.5,61.3953,149.274,0.890909
118,4.75941,4,3,289.894,338.255,77.8741,83.6349,0.687234
118,4.75941,5,2,455,291.5,220.756,157.91,0.717857
118,4.75941,7,2,410,206,396.427,27.928,0.789474
118,4.75941,8,3,511.621,189.161,482.756,94.7588,0.738333
118,4.75941,9,3,852,166.5,691.413,372.7,0.771942
118,4.75941,10,4,548.244,129.384,683.926,50.1136,0.665385
118,4.75941,12,3,462.6,335.4,141.407,201.919,0.894444
118,4.75941,6,1,331.8,286.2,186.784,60.1964,0.971631
